user_id,university_id,email,password_hash,user_type,is_active,last_login,created_at
1,CS2024001,cs2024001@university.edu,$2a$12$EixZaYVK1fsbw1ZfbX3OXePaWxn96p36WQoeG6Lruj3vjPGga31lW,student,1,2025-11-24T23:16:24.6800000,2025-04-11T23:12:38.0200000
2,CS2023002,cs2023002@university.edu,$2a$12$EixZaYVK1fsbw1ZfbX3OXePaWxn96p36WQoeG6Lruj3vjPGga31lW,student,1,2025-11-10T23:16:24.6800000,2025-07-14T23:12:38.0200000
3,CS2022003,cs2022003@university.edu,$2a$12$EixZaYVK1fsbw1ZfbX3OXePaWxn96p36WQoeG6Lruj3vjPGga31lW,student,1,2025-11-25T23:16:24.6800000,2025-05-30T23:12:38.0200000
4,CS2022004,cs2022004@university.edu,$2a$12$EixZaYVK1fsbw1ZfbX3OXePaWxn96p36WQoeG6Lruj3vjPGga31lW,student,1,2025-12-01T23:16:24.6800000,2024-12-29T23:12:38.0200000
5,CS2022005,cs2022005@university.edu,$2a$12$EixZaYVK1fsbw1ZfbX3OXePaWxn96p36WQoeG6Lruj3vjPGga31lW,student,1,2025-11-28T23:16:24.6800000,2025-07-28T23:12:38.0200000
6,CS2023006,cs2023006@university.edu,$2a$12$EixZaYVK1fsbw1ZfbX3OXePaWxn96p36WQoeG6Lruj3vjPGga31lW,student,1,2025-12-02T23:16:24.6800000,2025-08-14T23:12:38.0200000
7,CS2021007,cs2021007@university.edu,$2a$12$EixZaYVK1fsbw1ZfbX3OXePaWxn96p36WQoeG6Lruj3vjPGga31lW,student,1,2025-11-07T23:16:24.6800000,2025-02-13T23:12:38.0200000
8,CS2022008,cs2022008@university.edu,$2a$12$EixZaYVK1fsbw1ZfbX3OXePaWxn96p36WQoeG6Lruj3vjPGga31lW,student,1,2025-11-12T23:16:24.6800000,2025-03-03T23:12:38.0200000
9,CS2021009,cs2021009@university.edu,$2a$12$EixZaYVK1fsbw1ZfbX3OXePaWxn96p36WQoeG6Lruj3vjPGga31lW,student,1,2025-11-27T23:16:24.6800000,2025-07-19T23:12:38.0200000
10,CS2023010,cs2023010@university.edu,$2a$12$EixZaYVK1fsbw1ZfbX3OXePaWxn96p36WQoeG6Lruj3vjPGga31lW,student,1,2025-11-08T23:16:24.6800000,2025-11-25T23:12:38.0200000
11,CS2022011,cs2022011@university.edu,$2a$12$EixZaYVK1fsbw1ZfbX3OXePaWxn96p36WQoeG6Lruj3vjPGga31lW,student,0,2025-11-25T23:16:24.6800000,2024-12-13T23:12:38.0200000
12,CS2022012,cs2022012@university.edu,$2a$12$EixZaYVK1fsbw1ZfbX3OXePaWxn96p36WQoeG6Lruj3vjPGga31lW,student,1,2025-11-18T23:16:24.6800000,2025-07-11T23:12:38.0200000
13,CS2023013,cs2023013@university.edu,$2a$12$EixZaYVK1fsbw1ZfbX3OXePaWxn96p36WQoeG6Lruj3vjPGga31lW,student,0,2025-11-24T23:16:24.6800000,2025-04-10T23:12:38.0200000
14,CS2021014,cs2021014@university.edu,$2a$12$EixZaYVK1fsbw1ZfbX3OXePaWxn96p36WQoeG6Lruj3vjPGga31lW,student,1,2025-11-09T23:16:24.6800000,2025-10-09T23:12:38.0200000
15,CS2022015,cs2022015@university.edu,$2a$12$EixZaYVK1fsbw1ZfbX3OXePaWxn96p36WQoeG6Lruj3vjPGga31lW,student,1,2025-12-05T23:16:24.6800000,2025-04-17T23:12:38.0233333
16,CS2021016,cs2021016@university.edu,$2a$12$EixZaYVK1fsbw1ZfbX3OXePaWxn96p36WQoeG6Lruj3vjPGga31lW,student,1,2025-11-10T23:16:24.6800000,2025-01-17T23:12:38.0233333
17,CS2022017,cs2022017@university.edu,$2a$12$EixZaYVK1fsbw1ZfbX3OXePaWxn96p36WQoeG6Lruj3vjPGga31lW,student,1,2025-11-26T23:16:24.6800000,2025-09-19T23:12:38.0233333
18,CS2022018,cs2022018@university.edu,$2a$12$EixZaYVK1fsbw1ZfbX3OXePaWxn96p36WQoeG6Lruj3vjPGga31lW,student,1,2025-12-01T23:16:24.6800000,2025-10-06T23:12:38.0233333
19,CS2022019,cs2022019@university.edu,$2a$12$EixZaYVK1fsbw1ZfbX3OXePaWxn96p36WQoeG6Lruj3vjPGga31lW,student,1,2025-11-06T23:16:24.6800000,2025-04-18T23:12:38.0233333
20,CS2024020,cs2024020@university.edu,$2a$12$EixZaYVK1fsbw1ZfbX3OXePaWxn96p36WQoeG6Lruj3vjPGga31lW,student,0,2025-12-03T23:16:24.6800000,2025-04-12T23:12:38.0233333
21,CS2023021,cs2023021@university.edu,$2a$12$EixZaYVK1fsbw1ZfbX3OXePaWxn96p36WQoeG6Lruj3vjPGga31lW,student,1,2025-11-17T23:16:24.6800000,2025-05-18T23:12:38.0233333
22,CS2024022,cs2024022@university.edu,$2a$12$EixZaYVK1fsbw1ZfbX3OXePaWxn96p36WQoeG6Lruj3vjPGga31lW,student,1,2025-11-22T23:16:24.6800000,2025-08-07T23:12:38.0233333
23,CS2023023,cs2023023@university.edu,$2a$12$EixZaYVK1fsbw1ZfbX3OXePaWxn96p36WQoeG6Lruj3vjPGga31lW,student,1,2025-11-13T23:16:24.6800000,2025-06-22T23:12:38.0233333
24,CS2024024,cs2024024@university.edu,$2a$12$EixZaYVK1fsbw1ZfbX3OXePaWxn96p36WQoeG6Lruj3vjPGga31lW,student,1,2025-12-05T23:16:24.6800000,2025-10-13T23:12:38.0233333
25,CS2024025,cs2024025@university.edu,$2a$12$EixZaYVK1fsbw1ZfbX3OXePaWxn96p36WQoeG6Lruj3vjPGga31lW,student,1,2025-11-08T23:16:24.6800000,2025-04-12T23:12:38.0266667
26,CS2024026,cs2024026@university.edu,$2a$12$EixZaYVK1fsbw1ZfbX3OXePaWxn96p36WQoeG6Lruj3vjPGga31lW,student,1,2025-11-19T23:16:24.6800000,2025-02-13T23:12:38.0266667
27,CS2024027,cs2024027@university.edu,$2a$12$EixZaYVK1fsbw1ZfbX3OXePaWxn96p36WQoeG6Lruj3vjPGga31lW,student,1,2025-11-20T23:16:24.6800000,2025-07-26T23:12:38.0266667
28,CS2023028,cs2023028@university.edu,$2a$12$EixZaYVK1fsbw1ZfbX3OXePaWxn96p36WQoeG6Lruj3vjPGga31lW,student,1,2025-11-07T23:16:24.6800000,2025-10-28T23:12:38.0266667
29,CS2024029,cs2024029@university.edu,$2a$12$EixZaYVK1fsbw1ZfbX3OXePaWxn96p36WQoeG6Lruj3vjPGga31lW,student,1,2025-12-05T23:16:24.6800000,2025-05-08T23:12:38.0266667
30,CS2021030,cs2021030@university.edu,$2a$12$EixZaYVK1fsbw1ZfbX3OXePaWxn96p36WQoeG6Lruj3vjPGga31lW,student,1,2025-11-30T23:16:24.6800000,2025-05-28T23:12:38.0266667
31,CS2023031,cs2023031@university.edu,$2a$12$EixZaYVK1fsbw1ZfbX3OXePaWxn96p36WQoeG6Lruj3vjPGga31lW,student,1,2025-11-28T23:16:24.6800000,2025-11-04T23:12:38.0300000
32,CS2022032,cs2022032@university.edu,$2a$12$EixZaYVK1fsbw1ZfbX3OXePaWxn96p36WQoeG6Lruj3vjPGga31lW,student,1,2025-11-27T23:16:24.6800000,2024-12-15T23:12:38.0300000
33,CS2023033,cs2023033@university.edu,$2a$12$EixZaYVK1fsbw1ZfbX3OXePaWxn96p36WQoeG6Lruj3vjPGga31lW,student,1,2025-11-16T23:16:24.6800000,2025-04-04T23:12:38.0300000
34,CS2024034,cs2024034@university.edu,$2a$12$EixZaYVK1fsbw1ZfbX3OXePaWxn96p36WQoeG6Lruj3vjPGga31lW,student,1,2025-11-12T23:16:24.6800000,2025-09-01T23:12:38.0300000
35,CS2023035,cs2023035@university.edu,$2a$12$EixZaYVK1fsbw1ZfbX3OXePaWxn96p36WQoeG6Lruj3vjPGga31lW,student,1,2025-11-12T23:16:24.6800000,2025-05-18T23:12:38.0300000
36,CS2021036,cs2021036@university.edu,$2a$12$EixZaYVK1fsbw1ZfbX3OXePaWxn96p36WQoeG6Lruj3vjPGga31lW,student,1,2025-11-27T23:16:24.6800000,2025-07-21T23:12:38.0300000
37,CS2024037,cs2024037@university.edu,$2a$12$EixZaYVK1fsbw1ZfbX3OXePaWxn96p36WQoeG6Lruj3vjPGga31lW,student,1,2025-12-05T23:16:24.6800000,2025-10-07T23:12:38.0300000
38,CS2022038,cs2022038@university.edu,$2a$12$EixZaYVK1fsbw1ZfbX3OXePaWxn96p36WQoeG6Lruj3vjPGga31lW,student,0,2025-11-15T23:16:24.6800000,2025-10-02T23:12:38.0300000
39,CS2024039,cs2024039@university.edu,$2a$12$EixZaYVK1fsbw1ZfbX3OXePaWxn96p36WQoeG6Lruj3vjPGga31lW,student,1,2025-11-16T23:16:24.6800000,2025-09-30T23:12:38.0300000
40,CS2021040,cs2021040@university.edu,$2a$12$EixZaYVK1fsbw1ZfbX3OXePaWxn96p36WQoeG6Lruj3vjPGga31lW,student,1,2025-11-26T23:16:24.6800000,2025-08-01T23:12:38.0433333
41,CS2023041,cs2023041@university.edu,$2a$12$EixZaYVK1fsbw1ZfbX3OXePaWxn96p36WQoeG6Lruj3vjPGga31lW,student,1,2025-11-23T23:16:24.6800000,2025-07-24T23:12:38.0466667
42,CS2022042,cs2022042@university.edu,$2a$12$EixZaYVK1fsbw1ZfbX3OXePaWxn96p36WQoeG6Lruj3vjPGga31lW,student,1,2025-11-09T23:16:24.6800000,2025-11-23T23:12:38.0466667
43,CS2023043,cs2023043@university.edu,$2a$12$EixZaYVK1fsbw1ZfbX3OXePaWxn96p36WQoeG6Lruj3vjPGga31lW,student,1,2025-11-12T23:16:24.6800000,2025-05-10T23:12:38.0466667
44,CS2022044,cs2022044@university.edu,$2a$12$EixZaYVK1fsbw1ZfbX3OXePaWxn96p36WQoeG6Lruj3vjPGga31lW,student,1,2025-12-01T23:16:24.6800000,2025-03-09T23:12:38.0466667
45,CS2024045,cs2024045@university.edu,$2a$12$EixZaYVK1fsbw1ZfbX3OXePaWxn96p36WQoeG6Lruj3vjPGga31lW,student,1,2025-11-08T23:16:24.6800000,2025-01-16T23:12:38.0466667
46,CS2024046,cs2024046@university.edu,$2a$12$EixZaYVK1fsbw1ZfbX3OXePaWxn96p36WQoeG6Lruj3vjPGga31lW,student,1,2025-11-24T23:16:24.6800000,2025-04-22T23:12:38.0466667
47,CS2024047,cs2024047@university.edu,$2a$12$EixZaYVK1fsbw1ZfbX3OXePaWxn96p36WQoeG6Lruj3vjPGga31lW,student,1,2025-11-26T23:16:24.6800000,2025-04-29T23:12:38.0466667
48,CS2021048,cs2021048@university.edu,$2a$12$EixZaYVK1fsbw1ZfbX3OXePaWxn96p36WQoeG6Lruj3vjPGga31lW,student,1,2025-12-03T23:16:24.6800000,2025-09-30T23:12:38.0466667
49,CS2021049,cs2021049@university.edu,$2a$12$EixZaYVK1fsbw1ZfbX3OXePaWxn96p36WQoeG6Lruj3vjPGga31lW,student,1,2025-11-16T23:16:24.6800000,2025-10-14T23:12:38.0466667
50,CS2023050,cs2023050@university.edu,$2a$12$EixZaYVK1fsbw1ZfbX3OXePaWxn96p36WQoeG6Lruj3vjPGga31lW,student,1,2025-11-08T23:16:24.6800000,2025-12-03T23:12:38.0466667
51,CS2023051,cs2023051@university.edu,$2a$12$EixZaYVK1fsbw1ZfbX3OXePaWxn96p36WQoeG6Lruj3vjPGga31lW,student,1,2025-11-22T23:16:24.6800000,2025-07-19T23:12:38.0466667
52,CS2023052,cs2023052@university.edu,$2a$12$EixZaYVK1fsbw1ZfbX3OXePaWxn96p36WQoeG6Lruj3vjPGga31lW,student,1,2025-11-26T23:16:24.6800000,2025-03-04T23:12:38.0466667
53,CS2023053,cs2023053@university.edu,$2a$12$EixZaYVK1fsbw1ZfbX3OXePaWxn96p36WQoeG6Lruj3vjPGga31lW,student,1,2025-11-29T23:16:24.6800000,2025-08-24T23:12:38.0466667
54,CS2022054,cs2022054@university.edu,$2a$12$EixZaYVK1fsbw1ZfbX3OXePaWxn96p36WQoeG6Lruj3vjPGga31lW,student,1,2025-11-21T23:16:24.6800000,2025-11-13T23:12:38.0500000
55,CS2023055,cs2023055@university.edu,$2a$12$EixZaYVK1fsbw1ZfbX3OXePaWxn96p36WQoeG6Lruj3vjPGga31lW,student,1,2025-12-03T23:16:24.6800000,2025-11-17T23:12:38.0500000
56,CS2021056,cs2021056@university.edu,$2a$12$EixZaYVK1fsbw1ZfbX3OXePaWxn96p36WQoeG6Lruj3vjPGga31lW,student,1,2025-11-07T23:16:24.6800000,2025-09-16T23:12:38.0500000
57,CS2024057,cs2024057@university.edu,$2a$12$EixZaYVK1fsbw1ZfbX3OXePaWxn96p36WQoeG6Lruj3vjPGga31lW,student,1,2025-11-20T23:16:24.6800000,2025-05-20T23:12:38.0500000
58,CS2023058,cs2023058@university.edu,$2a$12$EixZaYVK1fsbw1ZfbX3OXePaWxn96p36WQoeG6Lruj3vjPGga31lW,student,1,2025-11-17T23:16:24.6800000,2025-08-22T23:12:38.0500000
59,CS2022059,cs2022059@university.edu,$2a$12$EixZaYVK1fsbw1ZfbX3OXePaWxn96p36WQoeG6Lruj3vjPGga31lW,student,1,2025-11-20T23:16:24.6800000,2025-10-02T23:12:38.0566667
60,CS2023060,cs2023060@university.edu,$2a$12$EixZaYVK1fsbw1ZfbX3OXePaWxn96p36WQoeG6Lruj3vjPGga31lW,student,0,2025-11-16T23:16:24.6800000,2025-02-27T23:12:38.0566667
61,CS2021061,cs2021061@university.edu,$2a$12$EixZaYVK1fsbw1ZfbX3OXePaWxn96p36WQoeG6Lruj3vjPGga31lW,student,1,2025-11-23T23:16:24.6800000,2025-09-23T23:12:38.0566667
62,CS2024062,cs2024062@university.edu,$2a$12$EixZaYVK1fsbw1ZfbX3OXePaWxn96p36WQoeG6Lruj3vjPGga31lW,student,0,2025-11-28T23:16:24.6800000,2025-01-31T23:12:38.0566667
63,CS2024063,cs2024063@university.edu,$2a$12$EixZaYVK1fsbw1ZfbX3OXePaWxn96p36WQoeG6Lruj3vjPGga31lW,student,0,2025-11-12T23:16:24.6800000,2024-12-12T23:12:38.0566667
64,CS2024064,cs2024064@university.edu,$2a$12$EixZaYVK1fsbw1ZfbX3OXePaWxn96p36WQoeG6Lruj3vjPGga31lW,student,1,2025-11-30T23:16:24.6800000,2025-11-07T23:12:38.0566667
65,CS2022065,cs2022065@university.edu,$2a$12$EixZaYVK1fsbw1ZfbX3OXePaWxn96p36WQoeG6Lruj3vjPGga31lW,student,1,2025-11-17T23:16:24.6800000,2025-01-29T23:12:38.0566667
66,CS2023066,cs2023066@university.edu,$2a$12$EixZaYVK1fsbw1ZfbX3OXePaWxn96p36WQoeG6Lruj3vjPGga31lW,student,1,2025-11-14T23:16:24.6800000,2025-09-11T23:12:38.0566667
67,CS2023067,cs2023067@university.edu,$2a$12$EixZaYVK1fsbw1ZfbX3OXePaWxn96p36WQoeG6Lruj3vjPGga31lW,student,1,2025-11-17T23:16:24.6800000,2025-06-03T23:12:38.0566667
68,CS2021068,cs2021068@university.edu,$2a$12$EixZaYVK1fsbw1ZfbX3OXePaWxn96p36WQoeG6Lruj3vjPGga31lW,student,1,2025-11-17T23:16:24.6800000,2025-08-26T23:12:38.0566667
69,CS2023069,cs2023069@university.edu,$2a$12$EixZaYVK1fsbw1ZfbX3OXePaWxn96p36WQoeG6Lruj3vjPGga31lW,student,1,2025-11-19T23:16:24.6800000,2025-01-31T23:12:38.0566667
70,CS2021070,cs2021070@university.edu,$2a$12$EixZaYVK1fsbw1ZfbX3OXePaWxn96p36WQoeG6Lruj3vjPGga31lW,student,1,2025-11-26T23:16:24.6800000,2025-04-10T23:12:38.0600000
71,CS2024071,cs2024071@university.edu,$2a$12$EixZaYVK1fsbw1ZfbX3OXePaWxn96p36WQoeG6Lruj3vjPGga31lW,student,1,2025-11-06T23:16:24.6800000,2025-11-07T23:12:38.0600000
72,CS2024072,cs2024072@university.edu,$2a$12$EixZaYVK1fsbw1ZfbX3OXePaWxn96p36WQoeG6Lruj3vjPGga31lW,student,1,2025-11-11T23:16:24.6800000,2024-12-09T23:12:38.0600000
73,CS2021073,cs2021073@university.edu,$2a$12$EixZaYVK1fsbw1ZfbX3OXePaWxn96p36WQoeG6Lruj3vjPGga31lW,student,1,2025-12-02T23:16:24.6800000,2025-01-25T23:12:38.0600000
74,CS2022074,cs2022074@university.edu,$2a$12$EixZaYVK1fsbw1ZfbX3OXePaWxn96p36WQoeG6Lruj3vjPGga31lW,student,1,2025-11-20T23:16:24.6800000,2025-02-18T23:12:38.0600000
75,CS2023075,cs2023075@university.edu,$2a$12$EixZaYVK1fsbw1ZfbX3OXePaWxn96p36WQoeG6Lruj3vjPGga31lW,student,1,2025-11-26T23:16:24.6800000,2025-11-19T23:12:38.0600000
76,CS2021076,cs2021076@university.edu,$2a$12$EixZaYVK1fsbw1ZfbX3OXePaWxn96p36WQoeG6Lruj3vjPGga31lW,student,1,2025-11-30T23:16:24.6800000,2025-07-08T23:12:38.0600000
77,CS2022077,cs2022077@university.edu,$2a$12$EixZaYVK1fsbw1ZfbX3OXePaWxn96p36WQoeG6Lruj3vjPGga31lW,student,1,2025-11-07T23:16:24.6800000,2025-09-25T23:12:38.0600000
78,CS2023078,cs2023078@university.edu,$2a$12$EixZaYVK1fsbw1ZfbX3OXePaWxn96p36WQoeG6Lruj3vjPGga31lW,student,1,2025-11-28T23:16:24.6800000,2025-07-06T23:12:38.0600000
79,CS2022079,cs2022079@university.edu,$2a$12$EixZaYVK1fsbw1ZfbX3OXePaWxn96p36WQoeG6Lruj3vjPGga31lW,student,1,2025-11-10T23:16:24.6800000,2025-06-01T23:12:38.0666667
80,CS2024080,cs2024080@university.edu,$2a$12$EixZaYVK1fsbw1ZfbX3OXePaWxn96p36WQoeG6Lruj3vjPGga31lW,student,1,2025-11-09T23:16:24.6800000,2025-02-22T23:12:38.0666667
81,CS2022081,cs2022081@university.edu,$2a$12$EixZaYVK1fsbw1ZfbX3OXePaWxn96p36WQoeG6Lruj3vjPGga31lW,student,1,2025-11-23T23:16:24.6800000,2025-05-21T23:12:38.0666667
82,CS2022082,cs2022082@university.edu,$2a$12$EixZaYVK1fsbw1ZfbX3OXePaWxn96p36WQoeG6Lruj3vjPGga31lW,student,1,2025-11-19T23:16:24.6800000,2025-01-11T23:12:38.0666667
83,CS2024083,cs2024083@university.edu,$2a$12$EixZaYVK1fsbw1ZfbX3OXePaWxn96p36WQoeG6Lruj3vjPGga31lW,student,1,2025-11-20T23:16:24.6800000,2024-12-22T23:12:38.0666667
84,CS2022084,cs2022084@university.edu,$2a$12$EixZaYVK1fsbw1ZfbX3OXePaWxn96p36WQoeG6Lruj3vjPGga31lW,student,1,2025-11-14T23:16:24.6800000,2025-09-08T23:12:38.0666667
85,CS2024085,cs2024085@university.edu,$2a$12$EixZaYVK1fsbw1ZfbX3OXePaWxn96p36WQoeG6Lruj3vjPGga31lW,student,1,2025-11-23T23:16:24.6800000,2025-08-11T23:12:38.0666667
86,CS2024086,cs2024086@university.edu,$2a$12$EixZaYVK1fsbw1ZfbX3OXePaWxn96p36WQoeG6Lruj3vjPGga31lW,student,1,2025-11-23T23:16:24.6800000,2024-12-30T23:12:38.0666667
87,CS2022087,cs2022087@university.edu,$2a$12$EixZaYVK1fsbw1ZfbX3OXePaWxn96p36WQoeG6Lruj3vjPGga31lW,student,1,2025-11-10T23:16:24.6800000,2025-06-12T23:12:38.0666667
88,CS2021088,cs2021088@university.edu,$2a$12$EixZaYVK1fsbw1ZfbX3OXePaWxn96p36WQoeG6Lruj3vjPGga31lW,student,1,2025-11-20T23:16:24.6800000,2025-03-02T23:12:38.0700000
89,CS2023089,cs2023089@university.edu,$2a$12$EixZaYVK1fsbw1ZfbX3OXePaWxn96p36WQoeG6Lruj3vjPGga31lW,student,1,2025-11-27T23:16:24.6800000,2025-01-25T23:12:38.0700000
90,CS2022090,cs2022090@university.edu,$2a$12$EixZaYVK1fsbw1ZfbX3OXePaWxn96p36WQoeG6Lruj3vjPGga31lW,student,1,2025-12-02T23:16:24.6800000,2025-04-22T23:12:38.0700000
91,CS2021091,cs2021091@university.edu,$2a$12$EixZaYVK1fsbw1ZfbX3OXePaWxn96p36WQoeG6Lruj3vjPGga31lW,student,1,2025-11-22T23:16:24.6800000,2025-01-11T23:12:38.0700000
92,CS2024092,cs2024092@university.edu,$2a$12$EixZaYVK1fsbw1ZfbX3OXePaWxn96p36WQoeG6Lruj3vjPGga31lW,student,0,2025-11-29T23:16:24.6800000,2025-10-25T23:12:38.0700000
93,CS2023093,cs2023093@university.edu,$2a$12$EixZaYVK1fsbw1ZfbX3OXePaWxn96p36WQoeG6Lruj3vjPGga31lW,student,1,2025-11-10T23:16:24.6800000,2025-04-11T23:12:38.0700000
94,CS2024094,cs2024094@university.edu,$2a$12$EixZaYVK1fsbw1ZfbX3OXePaWxn96p36WQoeG6Lruj3vjPGga31lW,student,1,2025-11-22T23:16:24.6800000,2025-11-14T23:12:38.0700000
95,CS2022095,cs2022095@university.edu,$2a$12$EixZaYVK1fsbw1ZfbX3OXePaWxn96p36WQoeG6Lruj3vjPGga31lW,student,1,2025-11-16T23:16:24.6800000,2025-06-20T23:12:38.0700000
96,CS2024096,cs2024096@university.edu,$2a$12$EixZaYVK1fsbw1ZfbX3OXePaWxn96p36WQoeG6Lruj3vjPGga31lW,student,1,2025-12-02T23:16:24.6800000,2025-11-24T23:12:38.0700000
97,CS2024097,cs2024097@university.edu,$2a$12$EixZaYVK1fsbw1ZfbX3OXePaWxn96p36WQoeG6Lruj3vjPGga31lW,student,1,2025-11-22T23:16:24.6800000,2025-08-19T23:12:38.0700000
98,CS2024098,cs2024098@university.edu,$2a$12$EixZaYVK1fsbw1ZfbX3OXePaWxn96p36WQoeG6Lruj3vjPGga31lW,student,1,2025-11-12T23:16:24.6800000,2024-12-21T23:12:38.0700000
99,CS2021099,cs2021099@university.edu,$2a$12$EixZaYVK1fsbw1ZfbX3OXePaWxn96p36WQoeG6Lruj3vjPGga31lW,student,1,2025-11-15T23:16:24.6800000,2025-04-24T23:12:38.0766667
100,CS2022100,cs2022100@university.edu,$2a$12$EixZaYVK1fsbw1ZfbX3OXePaWxn96p36WQoeG6Lruj3vjPGga31lW,student,1,2025-11-09T23:16:24.6800000,2025-12-01T23:12:38.0766667
101,CS2023101,cs2023101@university.edu,$2a$12$EixZaYVK1fsbw1ZfbX3OXePaWxn96p36WQoeG6Lruj3vjPGga31lW,student,0,2025-11-16T23:16:24.6800000,2025-08-19T23:12:38.0766667
102,CS2022102,cs2022102@university.edu,$2a$12$EixZaYVK1fsbw1ZfbX3OXePaWxn96p36WQoeG6Lruj3vjPGga31lW,student,1,2025-11-23T23:16:24.6800000,2025-04-23T23:12:38.0766667
103,CS2023103,cs2023103@university.edu,$2a$12$EixZaYVK1fsbw1ZfbX3OXePaWxn96p36WQoeG6Lruj3vjPGga31lW,student,1,2025-11-08T23:16:24.6800000,2025-02-19T23:12:38.0766667
104,CS2021104,cs2021104@university.edu,$2a$12$EixZaYVK1fsbw1ZfbX3OXePaWxn96p36WQoeG6Lruj3vjPGga31lW,student,1,2025-11-26T23:16:24.6800000,2025-06-25T23:12:38.0800000
105,CS2021105,cs2021105@university.edu,$2a$12$EixZaYVK1fsbw1ZfbX3OXePaWxn96p36WQoeG6Lruj3vjPGga31lW,student,1,2025-11-21T23:16:24.6800000,2024-12-15T23:12:38.0800000
106,CS2024106,cs2024106@university.edu,$2a$12$EixZaYVK1fsbw1ZfbX3OXePaWxn96p36WQoeG6Lruj3vjPGga31lW,student,1,2025-11-18T23:16:24.6800000,2025-10-15T23:12:38.0800000
107,CS2022107,cs2022107@university.edu,$2a$12$EixZaYVK1fsbw1ZfbX3OXePaWxn96p36WQoeG6Lruj3vjPGga31lW,student,1,2025-11-28T23:16:24.6800000,2025-03-27T23:12:38.0800000
108,CS2023108,cs2023108@university.edu,$2a$12$EixZaYVK1fsbw1ZfbX3OXePaWxn96p36WQoeG6Lruj3vjPGga31lW,student,0,2025-11-18T23:16:24.6800000,2024-12-25T23:12:38.0800000
109,CS2023109,cs2023109@university.edu,$2a$12$EixZaYVK1fsbw1ZfbX3OXePaWxn96p36WQoeG6Lruj3vjPGga31lW,student,1,2025-11-12T23:16:24.6800000,2025-07-13T23:12:38.0800000
110,CS2023110,cs2023110@university.edu,$2a$12$EixZaYVK1fsbw1ZfbX3OXePaWxn96p36WQoeG6Lruj3vjPGga31lW,student,1,2025-11-25T23:16:24.6800000,2025-02-22T23:12:38.0800000
111,CS2022111,cs2022111@university.edu,$2a$12$EixZaYVK1fsbw1ZfbX3OXePaWxn96p36WQoeG6Lruj3vjPGga31lW,student,1,2025-11-12T23:16:24.6800000,2025-03-24T23:12:38.0800000
112,CS2021112,cs2021112@university.edu,$2a$12$EixZaYVK1fsbw1ZfbX3OXePaWxn96p36WQoeG6Lruj3vjPGga31lW,student,1,2025-11-24T23:16:24.6800000,2025-11-16T23:12:38.0800000
113,CS2023113,cs2023113@university.edu,$2a$12$EixZaYVK1fsbw1ZfbX3OXePaWxn96p36WQoeG6Lruj3vjPGga31lW,student,1,2025-11-25T23:16:24.6800000,2025-05-02T23:12:38.0800000
114,CS2023114,cs2023114@university.edu,$2a$12$EixZaYVK1fsbw1ZfbX3OXePaWxn96p36WQoeG6Lruj3vjPGga31lW,student,1,2025-12-04T23:16:24.6800000,2025-01-02T23:12:38.0800000
115,CS2023115,cs2023115@university.edu,$2a$12$EixZaYVK1fsbw1ZfbX3OXePaWxn96p36WQoeG6Lruj3vjPGga31lW,student,1,2025-11-11T23:16:24.6800000,2025-05-05T23:12:38.0800000
116,CS2024116,cs2024116@university.edu,$2a$12$EixZaYVK1fsbw1ZfbX3OXePaWxn96p36WQoeG6Lruj3vjPGga31lW,student,1,2025-12-02T23:16:24.6800000,2025-06-07T23:12:38.0800000
117,CS2024117,cs2024117@university.edu,$2a$12$EixZaYVK1fsbw1ZfbX3OXePaWxn96p36WQoeG6Lruj3vjPGga31lW,student,1,2025-11-21T23:16:24.6800000,2025-07-29T23:12:38.0800000
118,CS2021118,cs2021118@university.edu,$2a$12$EixZaYVK1fsbw1ZfbX3OXePaWxn96p36WQoeG6Lruj3vjPGga31lW,student,1,2025-12-02T23:16:24.6800000,2025-09-25T23:12:38.0866667
119,CS2023119,cs2023119@university.edu,$2a$12$EixZaYVK1fsbw1ZfbX3OXePaWxn96p36WQoeG6Lruj3vjPGga31lW,student,1,2025-11-11T23:16:24.6800000,2025-09-20T23:12:38.0900000
120,CS2024120,cs2024120@university.edu,$2a$12$EixZaYVK1fsbw1ZfbX3OXePaWxn96p36WQoeG6Lruj3vjPGga31lW,student,1,2025-11-23T23:16:24.6800000,2025-10-20T23:12:38.0900000
121,IS2023001,is2023001@university.edu,$2a$12$EixZaYVK1fsbw1ZfbX3OXePaWxn96p36WQoeG6Lruj3vjPGga31lW,student,1,2025-12-02T23:16:24.6800000,2025-08-31T23:12:38.0900000
122,IS2023002,is2023002@university.edu,$2a$12$EixZaYVK1fsbw1ZfbX3OXePaWxn96p36WQoeG6Lruj3vjPGga31lW,student,1,2025-11-19T23:16:24.6800000,2025-02-17T23:12:38.0900000
123,IS2022003,is2022003@university.edu,$2a$12$EixZaYVK1fsbw1ZfbX3OXePaWxn96p36WQoeG6Lruj3vjPGga31lW,student,1,2025-12-01T23:16:24.6800000,2025-05-05T23:12:38.0900000
124,IS2024004,is2024004@university.edu,$2a$12$EixZaYVK1fsbw1ZfbX3OXePaWxn96p36WQoeG6Lruj3vjPGga31lW,student,1,2025-11-30T23:16:24.6800000,2025-05-02T23:12:38.0900000
125,IS2021005,is2021005@university.edu,$2a$12$EixZaYVK1fsbw1ZfbX3OXePaWxn96p36WQoeG6Lruj3vjPGga31lW,student,1,2025-11-25T23:16:24.6800000,2025-06-07T23:12:38.0900000
126,IS2022006,is2022006@university.edu,$2a$12$EixZaYVK1fsbw1ZfbX3OXePaWxn96p36WQoeG6Lruj3vjPGga31lW,student,1,2025-12-02T23:16:24.6800000,2025-06-23T23:12:38.0900000
127,IS2024007,is2024007@university.edu,$2a$12$EixZaYVK1fsbw1ZfbX3OXePaWxn96p36WQoeG6Lruj3vjPGga31lW,student,1,2025-11-24T23:16:24.6800000,2025-08-24T23:12:38.0900000
128,IS2023008,is2023008@university.edu,$2a$12$EixZaYVK1fsbw1ZfbX3OXePaWxn96p36WQoeG6Lruj3vjPGga31lW,student,1,2025-11-13T23:16:24.6800000,2025-01-19T23:12:38.0900000
129,IS2022009,is2022009@university.edu,$2a$12$EixZaYVK1fsbw1ZfbX3OXePaWxn96p36WQoeG6Lruj3vjPGga31lW,student,0,2025-11-10T23:16:24.6800000,2025-04-19T23:12:38.0900000
130,IS2022010,is2022010@university.edu,$2a$12$EixZaYVK1fsbw1ZfbX3OXePaWxn96p36WQoeG6Lruj3vjPGga31lW,student,1,2025-12-05T23:16:24.6800000,2025-02-09T23:12:38.0900000
131,IS2022011,is2022011@university.edu,$2a$12$EixZaYVK1fsbw1ZfbX3OXePaWxn96p36WQoeG6Lruj3vjPGga31lW,student,1,2025-11-29T23:16:24.6800000,2025-07-28T23:12:38.0900000
132,IS2023012,is2023012@university.edu,$2a$12$EixZaYVK1fsbw1ZfbX3OXePaWxn96p36WQoeG6Lruj3vjPGga31lW,student,1,2025-11-09T23:16:24.6800000,2025-06-14T23:12:38.0900000
133,IS2021013,is2021013@university.edu,$2a$12$EixZaYVK1fsbw1ZfbX3OXePaWxn96p36WQoeG6Lruj3vjPGga31lW,student,1,2025-11-17T23:16:24.6800000,2025-08-04T23:12:38.0900000
134,IS2021014,is2021014@university.edu,$2a$12$EixZaYVK1fsbw1ZfbX3OXePaWxn96p36WQoeG6Lruj3vjPGga31lW,student,1,2025-11-28T23:16:24.6800000,2025-04-01T23:12:38.0900000
135,IS2022015,is2022015@university.edu,$2a$12$EixZaYVK1fsbw1ZfbX3OXePaWxn96p36WQoeG6Lruj3vjPGga31lW,student,1,2025-11-17T23:16:24.6800000,2025-08-16T23:12:38.0933333
136,IS2023016,is2023016@university.edu,$2a$12$EixZaYVK1fsbw1ZfbX3OXePaWxn96p36WQoeG6Lruj3vjPGga31lW,student,1,2025-11-18T23:16:24.6800000,2025-11-21T23:12:38.0933333
137,IS2023017,is2023017@university.edu,$2a$12$EixZaYVK1fsbw1ZfbX3OXePaWxn96p36WQoeG6Lruj3vjPGga31lW,student,1,2025-12-03T23:16:24.6800000,2024-12-19T23:12:38.0933333
138,IS2023018,is2023018@university.edu,$2a$12$EixZaYVK1fsbw1ZfbX3OXePaWxn96p36WQoeG6Lruj3vjPGga31lW,student,1,2025-12-03T23:16:24.6800000,2025-01-28T23:12:38.1000000
139,IS2023019,is2023019@university.edu,$2a$12$EixZaYVK1fsbw1ZfbX3OXePaWxn96p36WQoeG6Lruj3vjPGga31lW,student,1,2025-12-05T23:16:24.6800000,2025-11-23T23:12:38.1000000
140,IS2021020,is2021020@university.edu,$2a$12$EixZaYVK1fsbw1ZfbX3OXePaWxn96p36WQoeG6Lruj3vjPGga31lW,student,1,2025-11-18T23:16:24.6800000,2025-04-08T23:12:38.1000000
141,IS2023021,is2023021@university.edu,$2a$12$EixZaYVK1fsbw1ZfbX3OXePaWxn96p36WQoeG6Lruj3vjPGga31lW,student,1,2025-11-18T23:16:24.6800000,2025-02-10T23:12:38.1000000
142,IS2021022,is2021022@university.edu,$2a$12$EixZaYVK1fsbw1ZfbX3OXePaWxn96p36WQoeG6Lruj3vjPGga31lW,student,1,2025-11-30T23:16:24.6800000,2025-03-28T23:12:38.1000000
143,IS2022023,is2022023@university.edu,$2a$12$EixZaYVK1fsbw1ZfbX3OXePaWxn96p36WQoeG6Lruj3vjPGga31lW,student,1,2025-12-02T23:16:24.6800000,2025-02-21T23:12:38.1000000
144,IS2022024,is2022024@university.edu,$2a$12$EixZaYVK1fsbw1ZfbX3OXePaWxn96p36WQoeG6Lruj3vjPGga31lW,student,1,2025-11-14T23:16:24.6800000,2025-01-12T23:12:38.1000000
145,IS2023025,is2023025@university.edu,$2a$12$EixZaYVK1fsbw1ZfbX3OXePaWxn96p36WQoeG6Lruj3vjPGga31lW,student,1,2025-11-08T23:16:24.6800000,2025-07-13T23:12:38.1000000
146,IS2022026,is2022026@university.edu,$2a$12$EixZaYVK1fsbw1ZfbX3OXePaWxn96p36WQoeG6Lruj3vjPGga31lW,student,1,2025-11-15T23:16:24.6800000,2025-01-30T23:12:38.1000000
147,IS2021027,is2021027@university.edu,$2a$12$EixZaYVK1fsbw1ZfbX3OXePaWxn96p36WQoeG6Lruj3vjPGga31lW,student,1,2025-12-02T23:16:24.6800000,2025-01-02T23:12:38.1000000
148,IS2021028,is2021028@university.edu,$2a$12$EixZaYVK1fsbw1ZfbX3OXePaWxn96p36WQoeG6Lruj3vjPGga31lW,student,1,2025-11-24T23:16:24.6800000,2025-03-30T23:12:38.1000000
149,IS2023029,is2023029@university.edu,$2a$12$EixZaYVK1fsbw1ZfbX3OXePaWxn96p36WQoeG6Lruj3vjPGga31lW,student,1,2025-11-06T23:16:24.6800000,2025-10-17T23:12:38.1000000
150,IS2024030,is2024030@university.edu,$2a$12$EixZaYVK1fsbw1ZfbX3OXePaWxn96p36WQoeG6Lruj3vjPGga31lW,student,1,2025-11-07T23:16:24.6800000,2025-03-09T23:12:38.1000000
151,IS2022031,is2022031@university.edu,$2a$12$EixZaYVK1fsbw1ZfbX3OXePaWxn96p36WQoeG6Lruj3vjPGga31lW,student,1,2025-11-29T23:16:24.6800000,2025-09-29T23:12:38.1000000
152,IS2022032,is2022032@university.edu,$2a$12$EixZaYVK1fsbw1ZfbX3OXePaWxn96p36WQoeG6Lruj3vjPGga31lW,student,1,2025-11-24T23:16:24.6800000,2025-12-02T23:12:38.1000000
153,IS2021033,is2021033@university.edu,$2a$12$EixZaYVK1fsbw1ZfbX3OXePaWxn96p36WQoeG6Lruj3vjPGga31lW,student,0,2025-12-05T23:16:24.6800000,2025-04-10T23:12:38.1000000
154,IS2023034,is2023034@university.edu,$2a$12$EixZaYVK1fsbw1ZfbX3OXePaWxn96p36WQoeG6Lruj3vjPGga31lW,student,1,2025-11-10T23:16:24.6800000,2025-03-20T23:12:38.1000000
155,IS2022035,is2022035@university.edu,$2a$12$EixZaYVK1fsbw1ZfbX3OXePaWxn96p36WQoeG6Lruj3vjPGga31lW,student,1,2025-11-18T23:16:24.6800000,2024-12-26T23:12:38.1000000
156,IS2024036,is2024036@university.edu,$2a$12$EixZaYVK1fsbw1ZfbX3OXePaWxn96p36WQoeG6Lruj3vjPGga31lW,student,1,2025-11-25T23:16:24.6800000,2025-09-22T23:12:38.1033333
157,IS2021037,is2021037@university.edu,$2a$12$EixZaYVK1fsbw1ZfbX3OXePaWxn96p36WQoeG6Lruj3vjPGga31lW,student,0,2025-11-13T23:16:24.6800000,2025-04-04T23:12:38.1033333
158,IS2022038,is2022038@university.edu,$2a$12$EixZaYVK1fsbw1ZfbX3OXePaWxn96p36WQoeG6Lruj3vjPGga31lW,student,1,2025-11-15T23:16:24.6800000,2025-04-27T23:12:38.1100000
159,IS2024039,is2024039@university.edu,$2a$12$EixZaYVK1fsbw1ZfbX3OXePaWxn96p36WQoeG6Lruj3vjPGga31lW,student,1,2025-11-06T23:16:24.6800000,2025-07-07T23:12:38.1100000
160,IS2021040,is2021040@university.edu,$2a$12$EixZaYVK1fsbw1ZfbX3OXePaWxn96p36WQoeG6Lruj3vjPGga31lW,student,1,2025-11-16T23:16:24.6800000,2025-03-16T23:12:38.1100000
161,IS2021041,is2021041@university.edu,$2a$12$EixZaYVK1fsbw1ZfbX3OXePaWxn96p36WQoeG6Lruj3vjPGga31lW,student,1,2025-11-26T23:16:24.6800000,2025-01-17T23:12:38.1100000
162,IS2023042,is2023042@university.edu,$2a$12$EixZaYVK1fsbw1ZfbX3OXePaWxn96p36WQoeG6Lruj3vjPGga31lW,student,1,2025-11-27T23:16:24.6800000,2025-07-19T23:12:38.1133333
163,IS2021043,is2021043@university.edu,$2a$12$EixZaYVK1fsbw1ZfbX3OXePaWxn96p36WQoeG6Lruj3vjPGga31lW,student,1,2025-11-30T23:16:24.6800000,2025-05-27T23:12:38.1133333
164,IS2022044,is2022044@university.edu,$2a$12$EixZaYVK1fsbw1ZfbX3OXePaWxn96p36WQoeG6Lruj3vjPGga31lW,student,1,2025-11-13T23:16:24.6800000,2025-07-14T23:12:38.1133333
165,IS2021045,is2021045@university.edu,$2a$12$EixZaYVK1fsbw1ZfbX3OXePaWxn96p36WQoeG6Lruj3vjPGga31lW,student,1,2025-11-17T23:16:24.6800000,2025-04-04T23:12:38.1133333
166,IS2023046,is2023046@university.edu,$2a$12$EixZaYVK1fsbw1ZfbX3OXePaWxn96p36WQoeG6Lruj3vjPGga31lW,student,0,2025-11-28T23:16:24.6800000,2025-04-07T23:12:38.1133333
167,IS2024047,is2024047@university.edu,$2a$12$EixZaYVK1fsbw1ZfbX3OXePaWxn96p36WQoeG6Lruj3vjPGga31lW,student,0,2025-11-18T23:16:24.6800000,2025-10-13T23:12:38.1133333
168,IS2023048,is2023048@university.edu,$2a$12$EixZaYVK1fsbw1ZfbX3OXePaWxn96p36WQoeG6Lruj3vjPGga31lW,student,0,2025-12-01T23:16:24.6800000,2025-06-20T23:12:38.1133333
169,IS2021049,is2021049@university.edu,$2a$12$EixZaYVK1fsbw1ZfbX3OXePaWxn96p36WQoeG6Lruj3vjPGga31lW,student,1,2025-11-16T23:16:24.6800000,2025-07-04T23:12:38.1166667
170,IS2024050,is2024050@university.edu,$2a$12$EixZaYVK1fsbw1ZfbX3OXePaWxn96p36WQoeG6Lruj3vjPGga31lW,student,1,2025-12-05T23:16:24.6800000,2024-12-22T23:12:38.1166667
171,IS2021051,is2021051@university.edu,$2a$12$EixZaYVK1fsbw1ZfbX3OXePaWxn96p36WQoeG6Lruj3vjPGga31lW,student,1,2025-11-25T23:16:24.6800000,2025-12-04T23:12:38.1166667
172,IS2023052,is2023052@university.edu,$2a$12$EixZaYVK1fsbw1ZfbX3OXePaWxn96p36WQoeG6Lruj3vjPGga31lW,student,1,2025-11-28T23:16:24.6800000,2025-02-21T23:12:38.1166667
173,IS2022053,is2022053@university.edu,$2a$12$EixZaYVK1fsbw1ZfbX3OXePaWxn96p36WQoeG6Lruj3vjPGga31lW,student,1,2025-11-18T23:16:24.6800000,2025-05-18T23:12:38.1166667
174,IS2024054,is2024054@university.edu,$2a$12$EixZaYVK1fsbw1ZfbX3OXePaWxn96p36WQoeG6Lruj3vjPGga31lW,student,1,2025-11-20T23:16:24.6800000,2025-07-04T23:12:38.1166667
175,IS2023055,is2023055@university.edu,$2a$12$EixZaYVK1fsbw1ZfbX3OXePaWxn96p36WQoeG6Lruj3vjPGga31lW,student,1,2025-11-06T23:16:24.6800000,2025-11-17T23:12:38.1166667
176,IS2023056,is2023056@university.edu,$2a$12$EixZaYVK1fsbw1ZfbX3OXePaWxn96p36WQoeG6Lruj3vjPGga31lW,student,1,2025-11-16T23:16:24.6800000,2025-05-21T23:12:38.1200000
177,IS2022057,is2022057@university.edu,$2a$12$EixZaYVK1fsbw1ZfbX3OXePaWxn96p36WQoeG6Lruj3vjPGga31lW,student,1,2025-12-02T23:16:24.6800000,2025-01-21T23:12:38.1233333
178,IS2022058,is2022058@university.edu,$2a$12$EixZaYVK1fsbw1ZfbX3OXePaWxn96p36WQoeG6Lruj3vjPGga31lW,student,1,2025-11-26T23:16:24.6800000,2025-02-14T23:12:38.1233333
179,IS2021059,is2021059@university.edu,$2a$12$EixZaYVK1fsbw1ZfbX3OXePaWxn96p36WQoeG6Lruj3vjPGga31lW,student,1,2025-11-19T23:16:24.6800000,2025-08-04T23:12:38.1233333
180,IS2023060,is2023060@university.edu,$2a$12$EixZaYVK1fsbw1ZfbX3OXePaWxn96p36WQoeG6Lruj3vjPGga31lW,student,1,2025-11-14T23:16:24.6800000,2025-08-20T23:12:38.1233333
181,IS2021061,is2021061@university.edu,$2a$12$EixZaYVK1fsbw1ZfbX3OXePaWxn96p36WQoeG6Lruj3vjPGga31lW,student,1,2025-12-03T23:16:24.6800000,2025-02-22T23:12:38.1266667
182,IS2022062,is2022062@university.edu,$2a$12$EixZaYVK1fsbw1ZfbX3OXePaWxn96p36WQoeG6Lruj3vjPGga31lW,student,1,2025-11-20T23:16:24.6800000,2025-11-09T23:12:38.1266667
183,IS2021063,is2021063@university.edu,$2a$12$EixZaYVK1fsbw1ZfbX3OXePaWxn96p36WQoeG6Lruj3vjPGga31lW,student,1,2025-11-20T23:16:24.6800000,2025-06-29T23:12:38.1266667
184,IS2023064,is2023064@university.edu,$2a$12$EixZaYVK1fsbw1ZfbX3OXePaWxn96p36WQoeG6Lruj3vjPGga31lW,student,1,2025-11-22T23:16:24.6800000,2025-02-07T23:12:38.1266667
185,IS2024065,is2024065@university.edu,$2a$12$EixZaYVK1fsbw1ZfbX3OXePaWxn96p36WQoeG6Lruj3vjPGga31lW,student,1,2025-11-23T23:16:24.6800000,2025-06-20T23:12:38.1266667
186,IS2021066,is2021066@university.edu,$2a$12$EixZaYVK1fsbw1ZfbX3OXePaWxn96p36WQoeG6Lruj3vjPGga31lW,student,1,2025-11-20T23:16:24.6800000,2025-03-15T23:12:38.1266667
187,IS2023067,is2023067@university.edu,$2a$12$EixZaYVK1fsbw1ZfbX3OXePaWxn96p36WQoeG6Lruj3vjPGga31lW,student,1,2025-11-26T23:16:24.6800000,2025-10-20T23:12:38.1266667
188,IS2024068,is2024068@university.edu,$2a$12$EixZaYVK1fsbw1ZfbX3OXePaWxn96p36WQoeG6Lruj3vjPGga31lW,student,1,2025-11-29T23:16:24.6800000,2025-05-11T23:12:38.1300000
189,IS2021069,is2021069@university.edu,$2a$12$EixZaYVK1fsbw1ZfbX3OXePaWxn96p36WQoeG6Lruj3vjPGga31lW,student,1,2025-11-30T23:16:24.6800000,2025-10-27T23:12:38.1300000
190,IS2023070,is2023070@university.edu,$2a$12$EixZaYVK1fsbw1ZfbX3OXePaWxn96p36WQoeG6Lruj3vjPGga31lW,student,1,2025-11-06T23:16:24.6800000,2025-02-12T23:12:38.1300000
191,IS2024071,is2024071@university.edu,$2a$12$EixZaYVK1fsbw1ZfbX3OXePaWxn96p36WQoeG6Lruj3vjPGga31lW,student,1,2025-11-07T23:16:24.6800000,2025-04-24T23:12:38.1300000
192,IS2023072,is2023072@university.edu,$2a$12$EixZaYVK1fsbw1ZfbX3OXePaWxn96p36WQoeG6Lruj3vjPGga31lW,student,1,2025-11-07T23:16:24.6800000,2025-09-01T23:12:38.1300000
193,IS2023073,is2023073@university.edu,$2a$12$EixZaYVK1fsbw1ZfbX3OXePaWxn96p36WQoeG6Lruj3vjPGga31lW,student,1,2025-12-03T23:16:24.6800000,2025-04-21T23:12:38.1300000
194,IS2022074,is2022074@university.edu,$2a$12$EixZaYVK1fsbw1ZfbX3OXePaWxn96p36WQoeG6Lruj3vjPGga31lW,student,1,2025-11-13T23:16:24.6800000,2025-06-04T23:12:38.1300000
195,IS2023075,is2023075@university.edu,$2a$12$EixZaYVK1fsbw1ZfbX3OXePaWxn96p36WQoeG6Lruj3vjPGga31lW,student,1,2025-11-08T23:16:24.6800000,2025-10-02T23:12:38.1300000
196,IS2023076,is2023076@university.edu,$2a$12$EixZaYVK1fsbw1ZfbX3OXePaWxn96p36WQoeG6Lruj3vjPGga31lW,student,1,2025-11-25T23:16:24.6800000,2024-12-09T23:12:38.1300000
197,IS2021077,is2021077@university.edu,$2a$12$EixZaYVK1fsbw1ZfbX3OXePaWxn96p36WQoeG6Lruj3vjPGga31lW,student,1,2025-12-03T23:16:24.6800000,2025-02-20T23:12:38.1366667
198,IS2021078,is2021078@university.edu,$2a$12$EixZaYVK1fsbw1ZfbX3OXePaWxn96p36WQoeG6Lruj3vjPGga31lW,student,1,2025-11-12T23:16:24.6800000,2025-02-25T23:12:38.1366667
199,IS2023079,is2023079@university.edu,$2a$12$EixZaYVK1fsbw1ZfbX3OXePaWxn96p36WQoeG6Lruj3vjPGga31lW,student,1,2025-11-16T23:16:24.6800000,2025-02-19T23:12:38.1366667
200,IS2024080,is2024080@university.edu,$2a$12$EixZaYVK1fsbw1ZfbX3OXePaWxn96p36WQoeG6Lruj3vjPGga31lW,student,1,2025-11-26T23:16:24.6800000,2025-09-29T23:12:38.1400000
201,IS2021081,is2021081@university.edu,$2a$12$EixZaYVK1fsbw1ZfbX3OXePaWxn96p36WQoeG6Lruj3vjPGga31lW,student,1,2025-11-21T23:16:24.6800000,2025-11-19T23:12:38.1400000
202,IS2022082,is2022082@university.edu,$2a$12$EixZaYVK1fsbw1ZfbX3OXePaWxn96p36WQoeG6Lruj3vjPGga31lW,student,1,2025-11-17T23:16:24.6800000,2025-09-23T23:12:38.1400000
203,IS2024083,is2024083@university.edu,$2a$12$EixZaYVK1fsbw1ZfbX3OXePaWxn96p36WQoeG6Lruj3vjPGga31lW,student,1,2025-11-26T23:16:24.6800000,2025-08-10T23:12:38.1400000
204,IS2023084,is2023084@university.edu,$2a$12$EixZaYVK1fsbw1ZfbX3OXePaWxn96p36WQoeG6Lruj3vjPGga31lW,student,1,2025-11-14T23:16:24.6800000,2025-10-15T23:12:38.1400000
205,IS2021085,is2021085@university.edu,$2a$12$EixZaYVK1fsbw1ZfbX3OXePaWxn96p36WQoeG6Lruj3vjPGga31lW,student,1,2025-11-27T23:16:24.6800000,2025-11-11T23:12:38.1400000
206,IS2023086,is2023086@university.edu,$2a$12$EixZaYVK1fsbw1ZfbX3OXePaWxn96p36WQoeG6Lruj3vjPGga31lW,student,1,2025-12-03T23:16:24.6800000,2025-10-11T23:12:38.1400000
207,IS2023087,is2023087@university.edu,$2a$12$EixZaYVK1fsbw1ZfbX3OXePaWxn96p36WQoeG6Lruj3vjPGga31lW,student,1,2025-11-24T23:16:24.6800000,2025-02-08T23:12:38.1400000
208,IS2021088,is2021088@university.edu,$2a$12$EixZaYVK1fsbw1ZfbX3OXePaWxn96p36WQoeG6Lruj3vjPGga31lW,student,0,2025-11-15T23:16:24.6800000,2025-10-08T23:12:38.1400000
209,IS2024089,is2024089@university.edu,$2a$12$EixZaYVK1fsbw1ZfbX3OXePaWxn96p36WQoeG6Lruj3vjPGga31lW,student,1,2025-11-20T23:16:24.6800000,2025-05-29T23:12:38.1400000
210,IS2021090,is2021090@university.edu,$2a$12$EixZaYVK1fsbw1ZfbX3OXePaWxn96p36WQoeG6Lruj3vjPGga31lW,student,1,2025-11-12T23:16:24.6800000,2025-07-27T23:12:38.1433333
211,SE2021001,se2021001@university.edu,$2a$12$EixZaYVK1fsbw1ZfbX3OXePaWxn96p36WQoeG6Lruj3vjPGga31lW,student,1,2025-12-01T23:16:24.6800000,2025-04-28T23:12:38.1433333
212,SE2022002,se2022002@university.edu,$2a$12$EixZaYVK1fsbw1ZfbX3OXePaWxn96p36WQoeG6Lruj3vjPGga31lW,student,0,2025-11-22T23:16:24.6800000,2025-10-02T23:12:38.1433333
213,SE2024003,se2024003@university.edu,$2a$12$EixZaYVK1fsbw1ZfbX3OXePaWxn96p36WQoeG6Lruj3vjPGga31lW,student,1,2025-11-27T23:16:24.6800000,2025-01-17T23:12:38.1433333
214,SE2023004,se2023004@university.edu,$2a$12$EixZaYVK1fsbw1ZfbX3OXePaWxn96p36WQoeG6Lruj3vjPGga31lW,student,1,2025-11-19T23:16:24.6800000,2025-11-27T23:12:38.1433333
215,SE2022005,se2022005@university.edu,$2a$12$EixZaYVK1fsbw1ZfbX3OXePaWxn96p36WQoeG6Lruj3vjPGga31lW,student,0,2025-11-10T23:16:24.6800000,2025-05-23T23:12:38.1433333
216,SE2022006,se2022006@university.edu,$2a$12$EixZaYVK1fsbw1ZfbX3OXePaWxn96p36WQoeG6Lruj3vjPGga31lW,student,1,2025-12-04T23:16:24.6800000,2025-10-20T23:12:38.1433333
217,SE2021007,se2021007@university.edu,$2a$12$EixZaYVK1fsbw1ZfbX3OXePaWxn96p36WQoeG6Lruj3vjPGga31lW,student,1,2025-11-11T23:16:24.6800000,2025-09-21T23:12:38.1700000
218,SE2024008,se2024008@university.edu,$2a$12$EixZaYVK1fsbw1ZfbX3OXePaWxn96p36WQoeG6Lruj3vjPGga31lW,student,1,2025-11-28T23:16:24.6800000,2025-09-24T23:12:38.1700000
219,SE2024009,se2024009@university.edu,$2a$12$EixZaYVK1fsbw1ZfbX3OXePaWxn96p36WQoeG6Lruj3vjPGga31lW,student,1,2025-11-23T23:16:24.6800000,2025-02-26T23:12:38.1700000
220,SE2021010,se2021010@university.edu,$2a$12$EixZaYVK1fsbw1ZfbX3OXePaWxn96p36WQoeG6Lruj3vjPGga31lW,student,1,2025-12-02T23:16:24.6800000,2025-01-05T23:12:38.1700000
221,SE2024011,se2024011@university.edu,$2a$12$EixZaYVK1fsbw1ZfbX3OXePaWxn96p36WQoeG6Lruj3vjPGga31lW,student,1,2025-11-19T23:16:24.6800000,2025-08-29T23:12:38.1700000
222,SE2022012,se2022012@university.edu,$2a$12$EixZaYVK1fsbw1ZfbX3OXePaWxn96p36WQoeG6Lruj3vjPGga31lW,student,1,2025-11-25T23:16:24.6800000,2025-09-06T23:12:38.1700000
223,SE2023013,se2023013@university.edu,$2a$12$EixZaYVK1fsbw1ZfbX3OXePaWxn96p36WQoeG6Lruj3vjPGga31lW,student,1,2025-11-20T23:16:24.6800000,2025-10-23T23:12:38.1700000
224,SE2024014,se2024014@university.edu,$2a$12$EixZaYVK1fsbw1ZfbX3OXePaWxn96p36WQoeG6Lruj3vjPGga31lW,student,1,2025-11-07T23:16:24.6800000,2025-05-31T23:12:38.1700000
225,SE2021015,se2021015@university.edu,$2a$12$EixZaYVK1fsbw1ZfbX3OXePaWxn96p36WQoeG6Lruj3vjPGga31lW,student,0,2025-12-05T23:16:24.6800000,2025-03-23T23:12:38.1700000
226,SE2022016,se2022016@university.edu,$2a$12$EixZaYVK1fsbw1ZfbX3OXePaWxn96p36WQoeG6Lruj3vjPGga31lW,student,1,2025-12-05T23:16:24.6800000,2025-10-13T23:12:38.1733333
227,SE2024017,se2024017@university.edu,$2a$12$EixZaYVK1fsbw1ZfbX3OXePaWxn96p36WQoeG6Lruj3vjPGga31lW,student,1,2025-11-30T23:16:24.6800000,2025-11-27T23:12:38.1733333
228,SE2022018,se2022018@university.edu,$2a$12$EixZaYVK1fsbw1ZfbX3OXePaWxn96p36WQoeG6Lruj3vjPGga31lW,student,1,2025-11-12T23:16:24.6800000,2024-12-11T23:12:38.1733333
229,SE2024019,se2024019@university.edu,$2a$12$EixZaYVK1fsbw1ZfbX3OXePaWxn96p36WQoeG6Lruj3vjPGga31lW,student,1,2025-11-11T23:16:24.6800000,2025-11-28T23:12:38.1733333
230,SE2023020,se2023020@university.edu,$2a$12$EixZaYVK1fsbw1ZfbX3OXePaWxn96p36WQoeG6Lruj3vjPGga31lW,student,1,2025-11-14T23:16:24.6800000,2025-05-08T23:12:38.1733333
231,SE2021021,se2021021@university.edu,$2a$12$EixZaYVK1fsbw1ZfbX3OXePaWxn96p36WQoeG6Lruj3vjPGga31lW,student,1,2025-11-29T23:16:24.6800000,2025-06-25T23:12:38.1733333
232,SE2024022,se2024022@university.edu,$2a$12$EixZaYVK1fsbw1ZfbX3OXePaWxn96p36WQoeG6Lruj3vjPGga31lW,student,1,2025-11-11T23:16:24.6800000,2025-03-23T23:12:38.1733333
233,SE2021023,se2021023@university.edu,$2a$12$EixZaYVK1fsbw1ZfbX3OXePaWxn96p36WQoeG6Lruj3vjPGga31lW,student,1,2025-11-27T23:16:24.6800000,2025-08-08T23:12:38.1766667
234,SE2024024,se2024024@university.edu,$2a$12$EixZaYVK1fsbw1ZfbX3OXePaWxn96p36WQoeG6Lruj3vjPGga31lW,student,1,2025-11-19T23:16:24.6800000,2025-10-27T23:12:38.1766667
235,SE2022025,se2022025@university.edu,$2a$12$EixZaYVK1fsbw1ZfbX3OXePaWxn96p36WQoeG6Lruj3vjPGga31lW,student,1,2025-11-25T23:16:24.6800000,2025-04-06T23:12:38.1766667
236,SE2022026,se2022026@university.edu,$2a$12$EixZaYVK1fsbw1ZfbX3OXePaWxn96p36WQoeG6Lruj3vjPGga31lW,student,1,2025-11-29T23:16:24.6800000,2025-07-01T23:12:38.1900000
237,SE2022027,se2022027@university.edu,$2a$12$EixZaYVK1fsbw1ZfbX3OXePaWxn96p36WQoeG6Lruj3vjPGga31lW,student,1,2025-11-18T23:16:24.6800000,2025-08-03T23:12:38.1900000
238,SE2022028,se2022028@university.edu,$2a$12$EixZaYVK1fsbw1ZfbX3OXePaWxn96p36WQoeG6Lruj3vjPGga31lW,student,1,2025-11-09T23:16:24.6800000,2025-03-01T23:12:38.1900000
239,SE2022029,se2022029@university.edu,$2a$12$EixZaYVK1fsbw1ZfbX3OXePaWxn96p36WQoeG6Lruj3vjPGga31lW,student,1,2025-11-28T23:16:24.6800000,2025-03-26T23:12:38.1900000
240,SE2021030,se2021030@university.edu,$2a$12$EixZaYVK1fsbw1ZfbX3OXePaWxn96p36WQoeG6Lruj3vjPGga31lW,student,1,2025-11-20T23:16:24.6800000,2025-09-11T23:12:38.1900000
241,SE2023031,se2023031@university.edu,$2a$12$EixZaYVK1fsbw1ZfbX3OXePaWxn96p36WQoeG6Lruj3vjPGga31lW,student,1,2025-11-18T23:16:24.6800000,2025-04-29T23:12:38.1900000
242,SE2021032,se2021032@university.edu,$2a$12$EixZaYVK1fsbw1ZfbX3OXePaWxn96p36WQoeG6Lruj3vjPGga31lW,student,1,2025-11-19T23:16:24.6800000,2025-05-26T23:12:38.1900000
243,SE2022033,se2022033@university.edu,$2a$12$EixZaYVK1fsbw1ZfbX3OXePaWxn96p36WQoeG6Lruj3vjPGga31lW,student,1,2025-11-26T23:16:24.6800000,2025-01-24T23:12:38.1900000
244,SE2022034,se2022034@university.edu,$2a$12$EixZaYVK1fsbw1ZfbX3OXePaWxn96p36WQoeG6Lruj3vjPGga31lW,student,1,2025-11-25T23:16:24.6800000,2025-03-19T23:12:38.1900000
245,SE2021035,se2021035@university.edu,$2a$12$EixZaYVK1fsbw1ZfbX3OXePaWxn96p36WQoeG6Lruj3vjPGga31lW,student,1,2025-11-23T23:16:24.6800000,2025-03-18T23:12:38.1900000
246,SE2024036,se2024036@university.edu,$2a$12$EixZaYVK1fsbw1ZfbX3OXePaWxn96p36WQoeG6Lruj3vjPGga31lW,student,1,2025-11-13T23:16:24.6800000,2025-02-18T23:12:38.1900000
247,SE2022037,se2022037@university.edu,$2a$12$EixZaYVK1fsbw1ZfbX3OXePaWxn96p36WQoeG6Lruj3vjPGga31lW,student,1,2025-11-10T23:16:24.6800000,2025-09-12T23:12:38.1900000
248,SE2023038,se2023038@university.edu,$2a$12$EixZaYVK1fsbw1ZfbX3OXePaWxn96p36WQoeG6Lruj3vjPGga31lW,student,1,2025-11-18T23:16:24.6800000,2025-07-01T23:12:38.1933333
249,SE2024039,se2024039@university.edu,$2a$12$EixZaYVK1fsbw1ZfbX3OXePaWxn96p36WQoeG6Lruj3vjPGga31lW,student,1,2025-11-18T23:16:24.6800000,2025-05-10T23:12:38.1933333
250,SE2024040,se2024040@university.edu,$2a$12$EixZaYVK1fsbw1ZfbX3OXePaWxn96p36WQoeG6Lruj3vjPGga31lW,student,1,2025-12-01T23:16:24.6800000,2025-05-29T23:12:38.1933333
251,SE2024041,se2024041@university.edu,$2a$12$EixZaYVK1fsbw1ZfbX3OXePaWxn96p36WQoeG6Lruj3vjPGga31lW,student,1,2025-11-19T23:16:24.6800000,2025-05-26T23:12:38.1933333
252,SE2024042,se2024042@university.edu,$2a$12$EixZaYVK1fsbw1ZfbX3OXePaWxn96p36WQoeG6Lruj3vjPGga31lW,student,1,2025-12-03T23:16:24.6800000,2025-01-07T23:12:38.1933333
253,SE2022043,se2022043@university.edu,$2a$12$EixZaYVK1fsbw1ZfbX3OXePaWxn96p36WQoeG6Lruj3vjPGga31lW,student,1,2025-11-19T23:16:24.6800000,2024-12-21T23:12:38.1933333
254,SE2022044,se2022044@university.edu,$2a$12$EixZaYVK1fsbw1ZfbX3OXePaWxn96p36WQoeG6Lruj3vjPGga31lW,student,1,2025-12-03T23:16:24.6800000,2025-06-13T23:12:38.1933333
255,SE2024045,se2024045@university.edu,$2a$12$EixZaYVK1fsbw1ZfbX3OXePaWxn96p36WQoeG6Lruj3vjPGga31lW,student,1,2025-11-25T23:16:24.6800000,2025-10-21T23:12:38.1933333
256,SE2024046,se2024046@university.edu,$2a$12$EixZaYVK1fsbw1ZfbX3OXePaWxn96p36WQoeG6Lruj3vjPGga31lW,student,1,2025-12-01T23:16:24.6800000,2025-07-23T23:12:38.2000000
257,SE2021047,se2021047@university.edu,$2a$12$EixZaYVK1fsbw1ZfbX3OXePaWxn96p36WQoeG6Lruj3vjPGga31lW,student,1,2025-11-07T23:16:24.6800000,2025-09-01T23:12:38.2000000
258,SE2021048,se2021048@university.edu,$2a$12$EixZaYVK1fsbw1ZfbX3OXePaWxn96p36WQoeG6Lruj3vjPGga31lW,student,1,2025-11-09T23:16:24.6800000,2025-03-16T23:12:38.2000000
259,SE2022049,se2022049@university.edu,$2a$12$EixZaYVK1fsbw1ZfbX3OXePaWxn96p36WQoeG6Lruj3vjPGga31lW,student,1,2025-11-16T23:16:24.6800000,2025-09-17T23:12:38.2000000
260,SE2021050,se2021050@university.edu,$2a$12$EixZaYVK1fsbw1ZfbX3OXePaWxn96p36WQoeG6Lruj3vjPGga31lW,student,1,2025-11-27T23:16:24.6800000,2025-07-31T23:12:38.2000000
261,SE2021051,se2021051@university.edu,$2a$12$EixZaYVK1fsbw1ZfbX3OXePaWxn96p36WQoeG6Lruj3vjPGga31lW,student,1,2025-11-24T23:16:24.6800000,2024-12-12T23:12:38.2000000
262,SE2024052,se2024052@university.edu,$2a$12$EixZaYVK1fsbw1ZfbX3OXePaWxn96p36WQoeG6Lruj3vjPGga31lW,student,1,2025-11-28T23:16:24.6800000,2025-01-29T23:12:38.2000000
263,SE2024053,se2024053@university.edu,$2a$12$EixZaYVK1fsbw1ZfbX3OXePaWxn96p36WQoeG6Lruj3vjPGga31lW,student,1,2025-11-16T23:16:24.6800000,2025-11-18T23:12:38.2033333
264,SE2024054,se2024054@university.edu,$2a$12$EixZaYVK1fsbw1ZfbX3OXePaWxn96p36WQoeG6Lruj3vjPGga31lW,student,1,2025-11-27T23:16:24.6800000,2025-02-24T23:12:38.2033333
265,SE2021055,se2021055@university.edu,$2a$12$EixZaYVK1fsbw1ZfbX3OXePaWxn96p36WQoeG6Lruj3vjPGga31lW,student,1,2025-12-04T23:16:24.6800000,2024-12-20T23:12:38.2033333
266,SE2021056,se2021056@university.edu,$2a$12$EixZaYVK1fsbw1ZfbX3OXePaWxn96p36WQoeG6Lruj3vjPGga31lW,student,1,2025-11-22T23:16:24.6800000,2024-12-16T23:12:38.2033333
267,SE2022057,se2022057@university.edu,$2a$12$EixZaYVK1fsbw1ZfbX3OXePaWxn96p36WQoeG6Lruj3vjPGga31lW,student,1,2025-11-26T23:16:24.6800000,2025-08-25T23:12:38.2033333
268,SE2023058,se2023058@university.edu,$2a$12$EixZaYVK1fsbw1ZfbX3OXePaWxn96p36WQoeG6Lruj3vjPGga31lW,student,1,2025-11-24T23:16:24.6800000,2025-06-01T23:12:38.2033333
269,SE2021059,se2021059@university.edu,$2a$12$EixZaYVK1fsbw1ZfbX3OXePaWxn96p36WQoeG6Lruj3vjPGga31lW,student,1,2025-12-02T23:16:24.6800000,2025-09-12T23:12:38.2033333
270,SE2023060,se2023060@university.edu,$2a$12$EixZaYVK1fsbw1ZfbX3OXePaWxn96p36WQoeG6Lruj3vjPGga31lW,student,1,2025-11-21T23:16:24.6800000,2025-02-24T23:12:38.2033333
271,SE2021061,se2021061@university.edu,$2a$12$EixZaYVK1fsbw1ZfbX3OXePaWxn96p36WQoeG6Lruj3vjPGga31lW,student,1,2025-11-08T23:16:24.6800000,2025-04-24T23:12:38.2033333
272,SE2022062,se2022062@university.edu,$2a$12$EixZaYVK1fsbw1ZfbX3OXePaWxn96p36WQoeG6Lruj3vjPGga31lW,student,0,2025-12-01T23:16:24.6800000,2025-04-22T23:12:38.2033333
273,SE2022063,se2022063@university.edu,$2a$12$EixZaYVK1fsbw1ZfbX3OXePaWxn96p36WQoeG6Lruj3vjPGga31lW,student,1,2025-11-29T23:16:24.6800000,2025-06-21T23:12:38.2033333
274,SE2024064,se2024064@university.edu,$2a$12$EixZaYVK1fsbw1ZfbX3OXePaWxn96p36WQoeG6Lruj3vjPGga31lW,student,1,2025-11-18T23:16:24.6800000,2025-02-13T23:12:38.2033333
275,SE2022065,se2022065@university.edu,$2a$12$EixZaYVK1fsbw1ZfbX3OXePaWxn96p36WQoeG6Lruj3vjPGga31lW,student,1,2025-11-19T23:16:24.6800000,2025-01-23T23:12:38.2033333
276,SE2022066,se2022066@university.edu,$2a$12$EixZaYVK1fsbw1ZfbX3OXePaWxn96p36WQoeG6Lruj3vjPGga31lW,student,1,2025-11-23T23:16:24.6800000,2024-12-29T23:12:38.2100000
277,SE2022067,se2022067@university.edu,$2a$12$EixZaYVK1fsbw1ZfbX3OXePaWxn96p36WQoeG6Lruj3vjPGga31lW,student,1,2025-11-10T23:16:24.6800000,2025-02-20T23:12:38.2100000
278,SE2023068,se2023068@university.edu,$2a$12$EixZaYVK1fsbw1ZfbX3OXePaWxn96p36WQoeG6Lruj3vjPGga31lW,student,1,2025-11-27T23:16:24.6800000,2024-12-14T23:12:38.2100000
279,SE2021069,se2021069@university.edu,$2a$12$EixZaYVK1fsbw1ZfbX3OXePaWxn96p36WQoeG6Lruj3vjPGga31lW,student,1,2025-11-22T23:16:24.6800000,2025-06-01T23:12:38.2133333
280,SE2024070,se2024070@university.edu,$2a$12$EixZaYVK1fsbw1ZfbX3OXePaWxn96p36WQoeG6Lruj3vjPGga31lW,student,1,2025-11-21T23:16:24.6800000,2025-10-19T23:12:38.2133333
281,SE2024071,se2024071@university.edu,$2a$12$EixZaYVK1fsbw1ZfbX3OXePaWxn96p36WQoeG6Lruj3vjPGga31lW,student,1,2025-12-05T23:16:24.6800000,2025-01-09T23:12:38.2133333
282,SE2024072,se2024072@university.edu,$2a$12$EixZaYVK1fsbw1ZfbX3OXePaWxn96p36WQoeG6Lruj3vjPGga31lW,student,1,2025-11-17T23:16:24.6800000,2025-05-05T23:12:38.2133333
283,SE2021073,se2021073@university.edu,$2a$12$EixZaYVK1fsbw1ZfbX3OXePaWxn96p36WQoeG6Lruj3vjPGga31lW,student,1,2025-11-14T23:16:24.6800000,2025-09-23T23:12:38.2133333
284,SE2021074,se2021074@university.edu,$2a$12$EixZaYVK1fsbw1ZfbX3OXePaWxn96p36WQoeG6Lruj3vjPGga31lW,student,1,2025-11-22T23:16:24.6800000,2025-08-19T23:12:38.2133333
285,SE2021075,se2021075@university.edu,$2a$12$EixZaYVK1fsbw1ZfbX3OXePaWxn96p36WQoeG6Lruj3vjPGga31lW,student,1,2025-11-27T23:16:24.6800000,2025-03-09T23:12:38.2133333
286,SE2021076,se2021076@university.edu,$2a$12$EixZaYVK1fsbw1ZfbX3OXePaWxn96p36WQoeG6Lruj3vjPGga31lW,student,1,2025-11-08T23:16:24.6800000,2024-12-19T23:12:38.2133333
287,SE2022077,se2022077@university.edu,$2a$12$EixZaYVK1fsbw1ZfbX3OXePaWxn96p36WQoeG6Lruj3vjPGga31lW,student,0,2025-11-06T23:16:24.6800000,2025-12-03T23:12:38.2133333
288,SE2024078,se2024078@university.edu,$2a$12$EixZaYVK1fsbw1ZfbX3OXePaWxn96p36WQoeG6Lruj3vjPGga31lW,student,1,2025-12-05T23:16:24.6800000,2025-08-19T23:12:38.2133333
289,SE2024079,se2024079@university.edu,$2a$12$EixZaYVK1fsbw1ZfbX3OXePaWxn96p36WQoeG6Lruj3vjPGga31lW,student,1,2025-11-10T23:16:24.6800000,2025-10-02T23:12:38.2166667
290,SE2021080,se2021080@university.edu,$2a$12$EixZaYVK1fsbw1ZfbX3OXePaWxn96p36WQoeG6Lruj3vjPGga31lW,student,1,2025-11-25T23:16:24.6800000,2025-07-27T23:12:38.2166667
291,SE2021081,se2021081@university.edu,$2a$12$EixZaYVK1fsbw1ZfbX3OXePaWxn96p36WQoeG6Lruj3vjPGga31lW,student,1,2025-12-04T23:16:24.6800000,2025-02-11T23:12:38.2166667
292,SE2023082,se2023082@university.edu,$2a$12$EixZaYVK1fsbw1ZfbX3OXePaWxn96p36WQoeG6Lruj3vjPGga31lW,student,1,2025-12-02T23:16:24.6800000,2025-06-30T23:12:38.2166667
293,SE2024083,se2024083@university.edu,$2a$12$EixZaYVK1fsbw1ZfbX3OXePaWxn96p36WQoeG6Lruj3vjPGga31lW,student,1,2025-11-24T23:16:24.6800000,2025-07-07T23:12:38.2166667
294,SE2022084,se2022084@university.edu,$2a$12$EixZaYVK1fsbw1ZfbX3OXePaWxn96p36WQoeG6Lruj3vjPGga31lW,student,1,2025-11-23T23:16:24.6800000,2025-01-03T23:12:38.2166667
295,SE2023085,se2023085@university.edu,$2a$12$EixZaYVK1fsbw1ZfbX3OXePaWxn96p36WQoeG6Lruj3vjPGga31lW,student,0,2025-11-13T23:16:24.6800000,2025-12-02T23:12:38.2200000
296,SE2022086,se2022086@university.edu,$2a$12$EixZaYVK1fsbw1ZfbX3OXePaWxn96p36WQoeG6Lruj3vjPGga31lW,student,1,2025-11-28T23:16:24.6800000,2025-11-06T23:12:38.2233333
297,SE2021087,se2021087@university.edu,$2a$12$EixZaYVK1fsbw1ZfbX3OXePaWxn96p36WQoeG6Lruj3vjPGga31lW,student,1,2025-11-12T23:16:24.6800000,2025-10-14T23:12:38.2233333
298,SE2022088,se2022088@university.edu,$2a$12$EixZaYVK1fsbw1ZfbX3OXePaWxn96p36WQoeG6Lruj3vjPGga31lW,student,1,2025-11-12T23:16:24.6800000,2025-03-30T23:12:38.2233333
299,SE2023089,se2023089@university.edu,$2a$12$EixZaYVK1fsbw1ZfbX3OXePaWxn96p36WQoeG6Lruj3vjPGga31lW,student,1,2025-11-15T23:16:24.6800000,2025-05-03T23:12:38.2233333
300,SE2022090,se2022090@university.edu,$2a$12$EixZaYVK1fsbw1ZfbX3OXePaWxn96p36WQoeG6Lruj3vjPGga31lW,student,1,2025-12-04T23:16:24.6800000,2025-08-26T23:12:38.2233333
